title,manufacturer,price
clickart_950_000_premier_image_pack_dvdrom,broderbund,
ca_international_arcserve_lapdesktop_oem_30pk,computer_associates,
noah_s_ark_activity_center_jewel_case_ages_38,victory_multimedia,
peachtree_by_sage_premium_accounting_for_nonprofits_2007,sage_software,599.99
singing_coach_unlimited,carryatune_technologies,99.99
emc_retrospect_75_disk_to_disk_windows,dantz,
adobe_after_effects_professional_65_upgrade_from_standard_to_professional,adobe,499.99
acad_upgrade_dragon_naturallyspeaking_pro_solution_90_a289afd79_0,nuance_academic,399.54
mia_s_math_adventure_just_in_time,kutoka,19.99
disney_s_1st_2nd_grade_bundle_pixar_1st_grade_secret_keys_and_aladdin_reading_quest,disney,14.99
paper_art_gift_wrapping,arcmediainc,
nfs_maestro_solo_2006_1u,hummingbird_communications,309.56
microsoft_sql_server_standard_edition_2005_64_bit_cddvd_5_client,microsoft,1849.0
spy_sweeper_spanish,webroot_software,29.95
domino_designerdeveloper_v5_0,lotus_development,95.0
omnioutliner_professional_30,csdc,69.95
compaq_comp_secure_path_v30cnetware_wrkgrp_50_lic_231327b22,compaq_computer,
upg_sgms_1000_incremental_node,sonicsystemsinc,
the_human_body,topics_entertainment,19.99
school_zone_pencilpal_software_big_phonics_cdrom_book,schoolzoneinteractive,
millie_s_math_house_ages_37_winmac,ibm_aapmiscparts,
world_book_encyclopedia_2006,topics_entertainment,19.99
musicalis_guitar_workshop,globalsoftwarepublishing,9.99
the_printshop_20_professional_publisher,broderbund,69.99
data_protection_suite,stomp_inc,69.99
kids_power_fun_for_girls,topics_entertainment,19.99
adobe_premiere_pro_cs3_upgrade,adobe,299.0
i_copy_dvds_2_professional_edition,metoosoftware,69.99
genx_media_made_easy_vol_3,genx,49.95
family_tree_maker_112_collector_s_edition,encore,109.95
adobe_fireworks_cs3_mac,adobe,299.0
dinosaurs,topics_entertainment,19.99
instant_home_design_30_lb,topics_entertainment,19.99
xoom_internet_movies_2,xoom,
form_workshop_1200,valusoft,29.99
the_print_shop_pro_publisher_22_deluxe_dvd,encore,99.99
stomp_inc_recover_lost_data_2005,stomp_inc,39.95
my_first_bible_stories,dorlingkindersleymultimedia_dk,29.95
the_big_mix_mac,aladdin,59.99
xoom_movie_clone_3_gold,xoom,
the_print_shop_22_deluxe,encore,49.99
imsi_turbocad_designer_v_11,imsi,39.99
lavasoft_adaware_plus_edition,tri_synergy,29.99
clip_art_and_more_250_000_jewel_case,imsi_design,
instant_immersion_language_lab_deluxe_edition,topics_entertainment,
elementary_school_success_deluxe_2006,topics_entertainment,49.99
national_geographic_presents_redshift_planetarium,topics_entertainment,29.99
math_success_deluxe_2006,topics_entertainment,49.99
national_geographic_presents_forces_of_nature,topics_entertainment,29.99
reference_success_deluxe_2006,topics_entertainment,49.95
clifford_the_big_red_dog_thinking_adventures,scholastic,9.99
mastercook_deluxe_low_carb,valusoft,14.99
instant_home_design_jewel_case,topics_entertainment,9.99
boomerang_webshop_platinum,boomerang,
allume_boost_xp_for_windows,smithmicrosoftware,29.99
jumpstart_learning_games_phonics_pc_mac,knowledge_adventure,9.99
kids_power_fun_for_little_ones,topics_entertainment,19.99
museums_of_the_world,topics_entertainment,19.99
matchbox_crosstown_heroes,thq,19.99
studyworks_teaching_pro_middle_school_math_science_winmac,globalsoftwarepublishing,29.99
trudy_s_time_and_place_house_ages_36,ibm,
personal_image_manager,smithmicrosoftware,29.99
stomp_inc_drive_washer,stomp_inc,
movies_on_psp,xoom,
kids_power_fun_for_kids,topics_entertainment,19.99
custom_landdesigner_3d_design_70,sierra_online,
freddi_fish_2_the_haunted_schoolhouse,humongous_entertainment,29.95
netgear_vpn01l_vpn_client_software,netgear,89.99
mom_standard_ops_mgmt_lic_2005_english_mlp_5_oml,microsoft,
eastwest_bsendorfer_290_grand_piano_virtual_instrument,eastwest,199.95
diskeepeer_2007_admin_upgrade_sngl_lic_pack,diskeeper_corporation,200.0
monarch_v9_0_1u,datawatch,699.0
midway_arcade_treasures_jewel_case,encore_software,9.99
snap_10_000_drink_recipies_jewel_case,topics_entertainment,4.99
mac_os_x_server_v10_47_10client,apple,499.0
epson_storyteller_photo_book_creator_8_x_10_20_pages,epson,29.99
adobe_acrobat_capture_30_22101258,adobe,299.99
age_of_mythology_mac,macsoft,19.99
emedia_intermediate_guitar_method_os_x,emedia,59.99
ca_internet_security_suite_2007_3_user,computer_associates,69.95
kaplan_satactpsat_express,topics_entertainment,9.99
passwords_plus_10,dataviz,29.99
emedia_essential_bass_guitar,emedia,19.95
scratches_directors_cut,got_game,19.99
x3_reunion_virtual_programming_ltd,csdc,39.95
write_brothers_dramatica_pro_winmac,write_brothers,269.99
emedia_bass_method_winmac,emedia,59.99
microsoft_licenses_project_svr_sa_govt_h2200301,microsoft_licenses,3601.4
total_training_for_adobe_creative_suite_3_design_premium_bundle,total_training,299.99
everquest_titanium,sonycreativesoftware,19.95
emc_retrospect_75_professional_for_windows_upgrade,dantz,
iriscard_pro_business_card_scanner,iris,199.99
computrace_lojack_for_laptops_4_year_subscription,absolute_software,119.99
microsoft_office_frontpage_2003_academic_version_windows,microsoft,159.98
warlords_3_jewel_case,redorbentertainment,
autocad_2007_courseware_customizing_the_interface,autodesk_psg,47.95
sonicwall_internet_upgrade_50node,sonicwall,
tournament_poker_2005,eagle_games,20.99
cold_zero_no_mercy,encore_software,19.99
listen_for_ipod_magnetic_time,sosaggregationcompany,39.99
textbridge_pro_11_5u_license_xp,nuance_communications_inc,
atari_arcade_classics_mac,macsoft,19.99
myinvoices_estimates_deluxe,avanquest_software,39.95
my_sim_aquarium,viva_media,19.99
scrabble,destineer,24.99
instant_immersion_spanish_audio_book,topics_entertainment,
cisco_security_server_agent_for_windows_and_solaris_license_100_agents_win_solaris_csab100srvrk9,ciscosystemsenterprise,
photoshop_elements_5_and_premiere_elements_3_bundle_win_minibox_29180248,adobe,242.62
buzby_breakin_all_the_rules_hermie_and_friends,digital_praise,19.99
instant_immersion_french_20,topics_entertainment,29.99
hp_digital_sending_secure_license_50_users_std,hewlett_packard,
instant_play_electric_guitar_deluxe,topics_entertainment,39.99
foreign_policy_reform_winmac_jewel_case,fogware_publishing,9.99
microsoft_licenses_win_svr_2003_ext_conn_lic_r3900292,microsoft_licenses,3371.85
quickbooks_pos_pro_multistore_60,intuit_inc,1399.95
encyclopedia_britannica_deluxe_2008_winmac,avanquest,29.95
cook_n_vegetarian,dvo_enterprises,19.99
hidden_expedition_titanic,activision,19.99
crystal_reports_xi_professional_edition,business_objects,495.0
sierra_hallmark_card_studio_special_edition_windows,nova_development,
crusader_kings,atari,19.99
microsoft_licenses_exch_srvr_extrn_conn_sa_eng_39400416,microsoft_licenses,42166.22
watchguard_serverlock_manager_100_servers,watchguardtechnologiesinc,14995.0
master_serverupg,novastor_corporation,
tlc_dr_seuss_reading_learning_system_2008,encore,19.99
compaq_comp_rapid_deployment_pkflexible_lic_kit_302127b21,compaq_computer,
oxford_spanish_dictionary,oxforduniversitypress,19.95
pantone_reference_library,pantone_inc,1623.06
procurve_vpn_client_software_unlimited_client_licenses,hewlett_packard,
oxford_spanish_dictionary,tri_synergy,19.99
microsoft_licenses_sps_extrnlconnnonemplyenglands_c_h3200034,microsoft_licenses,101515.55
microspot_interiors,microspot_ltd,99.95
upgrade_emc_retrospect_75_multi_server_windows_only,dantz,
snap_enterprise_data_replicator_advanced_license_for_10000_series,adaptec,
employee_appraiser_50_deluxe_mailer,global_marketing,394.6
microsoft_crm_professional_cal_30_product_upgrade_license_pack_user_cal,microsoft_software,9980.0
upgrade_robohelp_server_6_win_ue_1u,adobe,3609.98
netmanage_rumba_unixhp_edition_v_73_upgrade_license_902453006,netmanage,
sonicwall_gms_standard_edition_10_node_license,sonicwall,
adobe_creative_suite_cs3_design_premium_upsell_mac,adobe,1599.0
retrospect_60_desktop_mac_upgrade,dantz,59.99
exceed_2007_with_1yr_mnt_1u,hummingbird_communications,650.0
ca_brightstor_arcserve_backup_r11_1_for_netware_tape_library_option_service_pack,computer_associates,
adobe_acrobat_distiller_svr_v6cd_linux_uu_42050142,adobe_systems,
backup_exec_netware_open_file_v9_2_eg_full_package_product,veritas,695.0
microsoft_virtual_pc_for_mac_70_with_windows_2000,microsoft,249.99
microsoft_mappoint_2006_standard_edition,microsoft,299.0
red_hat_entprse_linux_as_3_amd_rhf0211us,red_hat_software,
ca_arcserve_bkup_r11_1_nw_stor_area_netw_san_opt_prod_only,computer_associates,
enterasys_vpn_firewall_code_upgrade_xsr18xxvpnfw,cabletron_systems,1928.07
suretrak_project_manager_30,primavera_systems,499.0
vrs4_0_plus_scsi_workgroup_scanning_5_6,fujitsu_imaging,
pdf_create_40_retail,nuancecommunicationsinc,49.99
upgrade_3d_for_exceed_2007_1u,hummingbird_communications,
cisco_3745_ser_ios_ent_cd374esk9,cisco_systems_enterprise,2814.33
softgrid_cal_for_ts_41_english_mlp_20_user_cal,microsoft,
details_30,aec_software,304.99
adobe_photoshop_elements_40_plus_adobe_premiere_elements_20_complete_package_1_user_cd_minibox_win_canadian_french_29180162,adobe_systems_inc,
photo_objects_150_000_for_macintosh,nova_development,49.99
insight_pwr_mgr_no_media_1ltu,hewlett_packard,
fontware_pro,informatics,
gods_lands_of_infinity_special_edition,strategy_first,29.99
icopydvds2_ultra_by_digital_wunders,globalmarketingpartners,89.99
hallmark_blank_greeting_cards_halffold_matte_premium_20_count,nova_development,12.99
sea_scene_living_underwater_worlds_jewel_case,valusoft,9.99
hp_storageworks_secure_path_for_windows_workgroup_edition_v_40_c_license_213076b26,hewlett_packard,
equilibrium_debabelizer_pro_60_1_user,equilibrium,599.99
prosoft_tunetech_for_ipod_mac,prosoft_engineering,74.99
autodesk_discreet_combustion_4_windows,autodesk,
reel_deal_casino_quest,phantom_efx,19.99
espro_interpretair_sw,fluke_networks,5750.6
microsoft_licenses_word_mac_100_eng_govt_d4800369,microsoft_licenses,349.83
ca_arcserve_bkup_r11_5_win_agent_mac_os_x_upgrade_prod_only,computer_associates,
netmanage_rumba_web_to_host_as400_ed_v4_2_910620000,netmanage,
1pk_internet_sec_ste_2007_oem,ca_oem,
diskeeper_2007_professional_single_lic_pack,diskeeper_corporation,79.21
instant_immersion_japanese_audio_book,topics_entertainment,
world_of_warcraft_60_day_prepaid_time_card,blizzard_entertainment,29.99
smart_steps_4th_grade,dorlingkindersleymultimedia_dk,29.95
ca_arcserve_bkup_r11_5_win_dro_sp1_prod_only,computer_associates,
textbridge_pro_11,nuancecommunicationsinc,79.99
emedia_rock_guitar_method,emedia,39.99
home_bartending_101_shooters,arcmediainc,19.95
jumpstart_reading_with_karaoke,knowledge_adventure,29.99
crystal_reports_xi_developer,business_objects,595.0
iremember_digital_scrapbooking_20,intriguing_development,39.95
learn2_training_for_microsoft_powerpoint,topicsentertainmentsoftware_consignment,9.99
adobe_acrobat_distiller_svr_v6cd_sun_100u_42050106,adobe,9104.19
tomb_raider_legend,eidos_interactive,19.99
upgrade_delphi_2006_pro_named_fr_delphi_v32005_pro_cd,borland_international,
isi_researchsoft_reference_manager_11_single_user,isi_researchsoft,299.99
high_availability_requires_two_livesecurity_firesboxes,watchguard_technologies_inc,1995.0
buku_karkuro,topware_interactive,19.99
backup_exec_10d_win_adv_disk_v10_1_lic_only_e180518,symantec_corporation,983.34
procurve_manager_plus_upgrade,hewlett_packard,
world_of_warcraft,blizzard_entertainment,19.99
world_of_warcraft_pc,vivendi,35.7
sonicwall_global_vpn_client_license_01ssc5310,sonic_systems_inc,
scansoft_paperport_professional_11_5_user_license,nuance_communications_inc,949.99
netmanage_upg_rumba_unixhp_edition_level_902453007c,netmanage,
upg_serverlock_for_solaris_gold,watchguard_technologies_inc,
backup_exec_netware_remote_agt_winnetware_svr_v9_2_eg,veritas,295.0
the_computrace_lojack_for_laptops_computer_tracking_and_loss_control_solution_by,lenovo,
lotus_dev_mqseries_link_for_r3v_12_cd_sol_04l1671,lotus_development_corp,
cisco_ios_enterprise_services_complete_package_cd28esk9,cisco_systems_enterprise,
nortel_contivity_stateful_firewall_license_standard_1_switch,nortel,
hp_data_protector_exp_bu_svr_cmp_upgrade_ltu,hewlett_packard,
crystal_reports_11_professional_full_product_french,business_objects,909.66
wasp_bar_code_wasp_bar_code_labeler_complete_package_3_users_std_cd,wasp_technologies,
ibm_rational_clearcase_lt_v_600_media_vol_passport_passport_adva,ibm,
upgrade_terminal_emulation_software_2006_with_media_1u,esker,
microsoft_entertainment_pack_ce,microsoft,49.5
diskeeper_2007_pro_premier_10lic_pack,diskeeper_corporation,1372.21
netmanage_rumba_web_as400_edition_910523002,netmanage,
watchguard_1yr_subs_firebox_x5_webblocker_wg017196,watchguard_technologies_inc,159.9
netmanage_rumba_web_to_host_as400_ed_v4_2_910623000,netmanage,
adobe_illustrator_cs3_upgrade_from_freehand_mac,adobe,199.0
cisco_syst_minor_release_requires_existing_cww6_1_winmr,cisco_systems_enterprise,
microsoft_upg_win_small_business_svr_cal_t7401215,microsoft_corporation,330.14
ca_brightstor_arcserve_backup_r11_1_for_netware_upgrade_from_arcserve_7_for_netware,computer_associates,
mobileinventory_additional_mobile_license,wasp_technologies,
watchguard_license_wg_vpn_upgrade_from_4_to_10_wg4110,watchguard_license,2098.55
pinnacle_studio_plus_titanium_edition_v10_5,pinnacle,69.99
symantec_client_security_31_with_groupware_protection_business_pack_50_user,symantec,3732.0
netmanage_rumba_web_as400_edition_910584001,netmanage,
microsoft_powerpoint_2004_mac,microsoft,229.99
refviz_v2_mac_single_user,isi_researchsoft,299.95
e_frontier_manga_studio_debut_30_single_user,curious_labs_inc,49.99
microsoft_licenses_win_svr_2003_device_cal_lsa_r1800144,microsoft_licenses,74.59
vcomm_system_suite_professional_7,avanquest,49.95
ca_arcserve_bkup_r11_5_win_svrless_bkup_opt_sp1_prod_only,computer_associates,
red_hat_enterprise_linux_ws_v_4_update_4_license_1_workstation_rl296aa,hewlett_packard,
printshop_home_office_labels,broderbund,19.95
photo_explosion_deluxe_30,nova_development,49.99
ntrack_antitheft_by_synet_electronics,global_marketing_partners,
pdf_converter_professional_v4_english,nuance_communications_inc,99.99
readiris_pro_11,global_marketing_partners,129.99
persoft_upg_smarterm_office_v12_1_73098,persoft,
ca_brightstor_arcserve_backup_r11_5_for_enterprise_option_for_advantage_ingres_for,computer_associates,
designcad_v_17,imsi,29.95
lotus_dev_ws_bus_int_monitor_v424multi_plat_mp_eng_af04mna,lotus_development_corp,
left_behind_ilumina_edition,tyndale_house,29.99
lotus_dev_ibm_db2_net_search_extender_v_82_media_bb0kyna,lotus_development_corp,
money_premium_2007_win32_eng_na_mini_box_us_only_cd,microsoft,118.46
microsoft_visual_studio_team_edition_for_software_developers_2005_with_msdn_premium,microsoft,5479.0
dora_the_explorer_dora_s_world_adventures,activision,19.99
microsoft_licenses_isa_server_licsa_olp_c_e8400294,microsoft_licenses,3210.4
netmanage_onweb_webtohost_v_51_upgrade_license_910443004,netmanage,
microsoft_windows_small_business_server_cal_2003_license_pack_20_client_addpack_device,microsoft_software,
scansoft_paperport_11_5_user_license,nuance_communications_inc,474.99
adobe_after_effects_professional_70,adobe,999.0
microsoft_crm_small_business_ed_cal_30_license_pack_user_cal,microsoft_software,9929.0
stompsoft_registry_repair,stompsoft_inc,29.99
filemaker_mobile_8_for_palm_os_and_pocket_pc,filemaker,69.0
watchguard_mobile_user_vpn_5_user_bundle_wg3605,watchguard_technologies_inc,
diskeeper_2007_pro_premier_5lic_pack,diskeeper_corporation,736.66
hallmark_card_studio_2005_deluxe,sierra_home,49.99
ca_brightstor_arcserve_backup_r11_5_for_enterprise_option_for_advantage_ingres_for,computer_associates,
microsoft_visual_studio_team_edition_for_software_architect_2005_with_msdn_premium,microsoft,5479.0
library_expansion_optionupg,novastor_corporation,
cisco_2600xm_ser_ios_ipfwids_cd26xmch,cisco_systems_enterprise,
procurve_mobility_manager_10_is_a_plugin_module_for_procurve_manager_plus_20,hewlett_packard,
hp_sp_linux_we_50_liccd_30_c_t3586a,hewlettpackard_consumables,
symantec_mail_security_for_smtp_50_smb_av_cd_5u_gov,symantec,
adobe_photoshop_cs3_extended_mac,adobe,999.0
adobe_indesign_cs3_mac,adobe,699.0
intervideo_dvd_copy_5_platinum,corel,49.99
adobe_photoshop_elements_50_premier_elements_30_lb,adobe,149.99
world_of_rainbow_fish,globalsoftwarepublishing,19.99
microsoft_publisher_with_digital_imaging_2003_old_version,microsoft,209.99
adobe_acrobat_70_professional,adobe,449.99
microsoft_office_small_business_2007,microsoft_software,735.33
adobe_audition_20,adobe,349.0
quickbooks_credit_card_processing_kit_30,intuit,39.95
instant_immersion_italian_20,topics_entertainment,29.99
easy_drums_jewel_case,arcmedia,9.99
instant_immersion_33_languages,topics_entertainment,49.99
super_solvers_spellbound_school_edition_for_mac,learning_company,49.95
snap_1_001_letters_jewel_case,topics_entertainment,19.95
the_printshop_20,broderbund,29.99
startopia,eidos_interactive,39.95
easy_home_massage_dvd,selectmedia_entertainment,19.95
elementary_success_deluxe_2006_dw_dvd,topics_entertainment,49.99
tonka_town_jewel_case,atari,9.99
sibelius_5_educational_edition,sibeliussoftwareltd,329.0
weekly_reader_preparing_for_kindergarten,fogware_publishing,19.99
my_maillist_addressbook,mysoftware_company,19.95
sibelius_5_professional_edition,sibeliussoftwareltd,599.0
tonka_search_rescue_2,infogrames,
professional_training_for_vegas_7_and_dvd_architect_4_sw,sonypicturesdigitalentertainment,249.95
talk_now_learn_dutch,eurotalk_interactive,29.95
wacky_bird_hunter,selectsoft_publishing,19.95
namco_museum_50th_anniversary_collection,namco_video_games,19.99
treasure_galaxy_5user_lab_pack_for_mac,learning_company,149.95
dk_rainbow_fish_most_beautiful_fish,dk,9.99
madeline_rainy_day_activities,encore_software,19.95
mighty_math_number_heroes,edmark,29.95
superstart_science_arcade,selectsoft_publishing,24.95
state_standards_grade_6,topics_entertainment,29.95
wacky_farm,casual_arcade,19.95
police_quest_compilation,vivendi_games,19.99
broderbund_printmaster_platinum_160,encore_software,39.99
encyclopedia_britannica_profiles_dinosaurs_jewel_case,atari,9.99
real_arcade_adventure_inlay,activision,29.95
fisherprice_rescue_heroes_lava_landslide,knowledge_adventure,
tonka_raceway_xp_compatible_jewel_case,hasbro_interactive,29.95
quickstart_photo_montage_studio,selectsoft_publishing,19.95
season_ticket_football_2003,atari,19.99
virusbarrier_x4_104_for_mac10_users,intego,329.95
family_tree_maker_version_16_deluxe,encore,69.95
instant_architect_design_suite,imsi_design,29.99
axis_network_camera_213_ptz_digital_video_camera_0220004,axiscommunicationinc,
norton_antivirus_2007,symantec,39.99
backyard_soccer_mls_edition,humongous_sports,
zipmagic_personal_edition,allume_systems,19.95
super_solvers_mission_think_25_user_site_license,learning_company,399.95
fsecure_internet_security_2007_3_pcs,globalmarketingpartners,79.99
disney_2nd_grade_active_leveling_advantage_w_buzz_jewel_case_ages_68,disney_interactive,9.99
ultimate_puzzle_games,valusoft,19.99
poetry_fiction_and_drama_winmac_jewel_case,fogware_publishing,9.99
quicken_2007_premier,intuit,79.95
route_66_mobile_7_usacdn_for_windows_mobile_5,csdc,149.0
adobe_premiere_pro_20,adobe,849.0
geometry_winmac_jewel_case,fogware_publishing,9.99
reader_rabbit_preschool,thelearningcompany,29.99
cross_stitch_design_studio_jewel_case,mandrtechnologies,9.99
math_missions_the_race_to_spectacle_city_arcade_grades_k2,scholastic,29.95
world_of_wild_cats,arc_media_inc,19.95
state_standards_grade_8,topics_entertainment,29.95
cluefinders_3rd_grade_adventures_mystery_of_mathra,learning_company,
ghostsurf_platinum_2006_lb,avanquest_publishing_usa_inc,39.99
instant_home_cooking_jewel_case,topics_entertainment,9.99
spy_sweeper_lb,webroot_software,29.99
adobe_after_effects_70_professional_mac,adobe,999.0
transfer_my_dvd,avanquest,29.95
tlc_zoombinis_3rd_grade_lrng_sys_2007_sb_cs_by_riverdeep_10548,encoresoftwareinc,
csi_crime_scene_investigation,ubi_soft,19.99
jaws,majesco_entertainment,19.99
sega_smash_pack_2,activision,19.95
post_mortem,dreamcatcher_interactive,29.99
zoboomafoo_animal_logic_cdworkbook_combo,brighter_minds_media_inc,14.99
mother_goose_interactive_storybook,encore_software,19.95
let_s_learn_about_time_date,selectsoft_publishing,19.95
living_trust_builder,jian_inc,19.95
ubi_soft_star_wars_activity_center_windows,ubi_soft,29.99
portfolio_media_kit_be_syst_recovery_70_win_small_business_ed,symantec,50.0
mcafee_internet_security_suite_2007_3_users,mcafee,89.99
jumpstart_advanced_1st_grade_v2_0,knowledge_adventure,19.99
microsoft_office_windows_training,topics_entertainment,29.99
middle_school_success_deluxe_2008,topics_entertainment,49.99
adobe_creative_suite_cs3_design_standard_upsell_mac,adobe,899.0
is3_stopzilla_40_stop_spyware_popups_id_theft,roxio,29.95
pc_vegas_dvd,sonypictureshomeentertainment,899.99
sony_vegas_6_dvd_old_version,sonypicturesdigitalentertainment,899.95
the_universe_winmac_jewel_case,fogware_publishing,9.99
zonealarm_internet_security_suite,zone_labs,49.99
ringtone_media_studio_2,laplink,19.95
print_workshop_2007,valusoft,19.99
perfect_attorney_premium,cosmi_corporation,39.99
adventure_workshop_1st3rd_grade_8th_edition,encore,19.99
fun_for_kids_preschool_kindergarten_featuring_disney,topics_entertainment,29.99
adobe_creative_suite_cs3_web_standard_upsell,adobe,799.0
national_geographic_photo_gallery_jewel_case,topics_entertainment,9.99
sony_psp_media_manager,sonycomputerentertainment,24.99
adobe_premiere_elements_30_lb,adobe,99.99
english_literature_basics_winmac_jewel_case,fogware_publishing,9.99
riverdeep_arthur_s_kindergarten,riverdeep,
big_oil_build_an_oil_empire,tri_synergy,19.99
jumpstart_advanced_3rd_grade_v2_0,knowledge_adventure,19.99
tlc_arthur_s_kindergarten_learning_system_2008,encore,19.99
cosmi_talking_math_more_for_kids_windows,cosmi,
microsoft_powerpoint_2004_upgrade_mac,microsoft,109.99
readiris_pro_11_corporate_edition,iris_inc,399.99
magellan_mapsend_lakes_usa_south,magellan,114.66
mcafee_virusscan_plus_2007,mcafee,39.99
reel_deal_casino_championship_edition,phantom_efx,19.99
printmaster_gold_v_170,nova_development,19.95
pc_cillin_internet_sec_2007_lics_large_box_3u,trend_micro,49.95
aquarium_3inone_collection_winmac,encore_software,19.99
cute_ftp,tri_synergy,39.99
kaspersky_antivirus_60,kaspersky_lab,59.95
restricted_area,whiptail,19.99
adobe_production_studio_premium,adobe,1699.0
merriamwebster_s_dictionary_winmac_jewel_case,fogware_publishing,9.99
lego_island_2_the_brickster_s_revenge_xp_compatible_version,lego_media,
tank_battle,casual_arcade,19.95
quickstudy_us_government,selectsoft_publishing,19.95
home_budget_for_dummies,atari,
zonealarm_wireless_security,encore_software,29.99
instant_immersion_japanese_20,topics_entertainment,19.99
encyclopedia_of_our_living_oceans,dk_multimedia,19.95
ultimate_pinball_jewel_case,valusoft,9.99
clifford_reading_pack_dvd_box,scholastic,19.99
microsoft_visual_studio_test_agent_2005_cd_1_processor_license,microsoft_software,5099.0
jumpstart_advanced_2nd_grade_v2_0,knowledge_adventure,19.99
world_history_winmac_jewel_case,fogware_publishing,9.99
quickbooks_premier_nonprofit_edition_2005,intuit_inc,499.95
quickstart_pc_cleaner_xp,selectsoft_publishing,19.95
crayola_first_ladies_costume_maker,encore_software,19.95
arcmedia_spelling_bee_windowsmacintosh,arcmedia,24.95
pokemon_team_turbo_jewel_case,valusoft,9.99
south_park_chef_s_luv_shack,acclaim,39.95
blues_clues_preschool,humongous_entertainment,
backyard_skateboarding,atari,
cosmi_rom07524_print_perfect_business_cards_dvd,cosmi,
vivaldi_s_musical_adventure_pod,fogware_publishing,9.95
cluefinders_3rd_grade,the_learning_company,
rayman_10th_anniversary_collection,ubi_soft,19.99
before_you_know_it_deluxe_spanish_edition_for_pcmac,encore_software,29.99
pdf_converter_4,nuance,49.95
er,vivendi_universal,19.99
podmaxx_07,bling,29.99
adobe_creative_suite_cs3_web_premium_upsell_mac,adobe,1399.0
human_body_360,megasystems,29.99
web_radio_recorder,magix_entertainment,
bodyworks_60_25user_building_site_license,learning_company,399.95
virtual_labs_light,edmark,19.95
pressure_pop,selectsoft_publishing,19.95
essential_business_tools_20,valusoft,19.99
let_s_make_stickers,global_software_publishing,19.95
student_home_learning_system_for_pcmac,fogware_publishing,139.99
3mds_network_operations_manager_diy_annual_subscptn_101_500u,3m,
model_web_publisher_352,computerassociatesinternational,
microsoft_licenses_word_olp_c_05903871,microsoft_licenses,205.73
vpn_manager_five_to_ten_firebox,watchguard_technologies_inc,1995.0
hoyle_card_games_2007,encore_software,29.99
ca_arcserve_bkup_protection_suite_exch_r11_5_upgrade_prod_only,computer_associates,
victorymul_submitwolf_version_60_swolf6r,victory_multimedia,149.99
zonealarm_antispyware,zone_labs,29.99
the_guild_2_pirates_of_the_seas,dreamcatcher_interactive,29.99
child_safe_3pc,webroot_software,39.95
microsoft_windows_server_2003_client_additional_license_for_devices_5_pack,microsoft,209.0
cell_phone_software_solution,susteen,113.1
mediapilot_kit,susteen,39.95
upgrade_pitstop_server_35_1u_win_2kxp_mac_os_1028,enfocus_software,499.0
media_kit_storage_foundation_basic_lnx_v4_1_cpu_vol4_file_sys4,veritas,
sudoku_puzzle_addict_unlimited_edition,globalsoftwarepublna,
aircraft_power_pack_for_ms_flight_simulator,red_mile,29.99
winway_resume_deluxe_110_network_10,nova_development,
sym_clt_security_31_scs_media_cd_en,symantec_media,28.0
researchsoft_endnote_9_student_edition_for_students_old_version,isi_researchsoft,109.99
sony_acid_music_studio,sonypicturesdigitalentertainment,69.99
microsoft_licenses_biztalk_hipaa_std_sa_only_u0200024,microsoft_licenses,4215.77
microsoft_windows_small_business_server_premium_2003_r2_upgrade_cddvd_5_client,microsoft,709.0
jumpstart_1st_grade,knowledge_adventure,
instant_landscaping_30_lb,topics_entertainment,19.99
topics_presents_ancient_civilizations_4_cd_set,topics_entertainment,29.99
simple_movie_maker,topics_entertainment,19.99
instant_play_electric_guitar_jewel_box,topics_entertainment,6.99
boomerang_webpage_designer_gold,boomerang,
xoom_mp3_radio_recorder_windows,xoom,
zonealarm_firewall_pro_5_free_upgrade_to_new_version,zone_labs,
adobe_after_effects_cs3,adobe,999.0
phonics_success_deluxe_2006_large_box,topics_entertainment,49.99
land_before_time_preschool,brightermindsmediainc,9.99
brainfood_games_cranium_collection_2006,encore_software,19.99
clickart_fonts_2006_by_encore,encore_software,19.99
national_geographic_presents_redshift_5_planetarium_software,topics_entertainment,39.99
stationery_design_studio,summit_software,19.99
antispyware_30_win_normal_1u_new,trend_micro,48.91
snap_8_player_poker_5_pack,topics_entertainment,29.06
alien_disco_safari,encore,19.99
emc_retrospect_75_svr_1client_windows,dantz,249.0
kaplan_satactpsat_platinum_2007_winmac,topics_entertainment,49.99
ae_painter_v9_winmac_box,corel_corp,166.19
adobe_creative_suite_cs3_web_standard_upgrade_mac,adobe,399.0
timbuktu_remote_control_softwre_10_licenses_for_windows,netopia,
sat_act_and_psat_2007_platinum,topics_entertainment,58.5
treasure_mathstorm,thelearningcompany,29.99
ae_mappoint_2006_cd,microsoft_corp,49.95
cisco_security_desktop_agent_csab250dtopk9,cisco_systems_ciscopro,
photoshop_elements_4_mac_retail_eng_1u_19230169,adobe,145.39
ov_data_protector_open_file_5wk_v_9_ltu_incl_ltu_for_5_win_nt2000xp_workstati,hewlett_packard,
pro_photo_essentials_plug_in_suite_iview_mediapro_3,onone_software,499.95
microsoft_asp_net_web_matrix,microsoft,30.0
tinyterm_v4x_5u_windows_terminal_emulation_tt5,century_software,705.21
ae_outlook_2007_win32,microsoft_corp,
mindjet_mindmanager_7_mac_single_license,mindjet,129.0
sonicwall_comprehensive_gateway_security_suite_1_year_upgrade_plan_01ssc5845,sonic_systems_inc,
sound_studio_3_record_edit_add_effects_to_audio_mac,freeverse_software,79.99
jumpstart_world_1st_grade,knowledge_adventure,19.99
art_explosion_tshirt_factory_deluxe_30,nova_development,29.99
window_washer,webrootsoftwareinc,
child_safe,webroot_software,39.95
adobe_premiere_elements_30,adobe,161.73
on_hand_spanish_123_windows,onhandsoftware,9.99
pcanywhere_110_host_only_cdrom_xp_98_nt_w2k_me,symantec,
crystal_reports_11_reporting_essentials_trng_cbt,business_objects,199.99
star_wars_battlefront_mac,aspyr_media,39.99
flyboys_squadron_mac,ientertainment,29.99
microsoft_visual_studio_professional_2005_upgrade,microsoft_software,549.0
hollywood_volume_1,yamaha,31.95
microsoft_productivity_pack_for_windows_mobile,microsoft,29.99
adobe_encore_dvd_20,adobe,349.0
webobjects_52,apple,699.95
serious_magic_ultra2_master_sets_library_2_windows,serious_magic,276.5
microsoft_windows_vista_business_32bit_for_system_builders,microsoft,179.99
microsoft_data_analyzer_2002,microsoft,179.0
mavis_beacon_typing_17_deluxe_by_broderbund,encore_software,39.99
symantec_pcanywhere_120_host_only,symantec,169.65
the_printshop_business_card_maker_jewel_case,riverdeeplearningcompany,9.99
microsoft_digital_image_suite_plus_lb,microsoft_software,129.95
symc_backup_exec_sbs_prm_11d_win_small_business_server,symantec,885.83
hallmark_card_studio_2006,sierra_home,29.99
adobe_audition_20_upgrade,adobe,129.0
norton_internet_security_mac_30_antivirus_firewall_privacy_controls_iclean,symantec,99.95
corel_wordperfect_office_12_standard_upgrade,corel,149.99
raster_design_2006_essentials,autodesk_psg,59.95
acrobat_professional_8_mac_upsell_standardprofessional,adobe,273.0
services_for_netware_50,microsoft,149.0
reader_rabbit_learning_system_1st_grade,encore_software,29.99
microsoft_publisher_2007_version_upgrade,microsoft,99.95
microsoft_windows_xp_professional_upgrade_with_sp2,microsoft_software,199.99
mavis_beacon_typing_17_winmac,encore_software,19.99
microsoft_windows_vista_ultimate_upgrade_dvd,microsoft,259.95
instant_immersion_spanish_deluxe_20,topics_entertainment,49.99
adobe_creative_suite_cs3_design_premium_upgrade_mac,adobe,599.0
adobe_photoshop_cs3_mac,adobe,649.0
microsoft_office_2004_standard_upgrade_mac,microsoft,239.99
microsoft_student_with_encarta_premium_2008_dvd,microsoft,49.95
quickbooks_premier_nonprofit_edition_2007,intuit,399.95
microsoft_sql_server_developer_edition_2005_cddvd,microsoft_software,49.95
microsoft_visio_standard_2007,microsoft,259.95
microsoft_windows_vista_ultimate_full_version_dvd,microsoft,399.95
apple_final_cut_express_hd_35_mac,apple_computer,299.0
corel_painter_x_winmac,corel,429.0
cadopia_6_standard_edition_by_cadopia,global_marketing_partners,295.0
adobe_premiere_elements_30,adobe,99.99
quickbooks_simple_start_2007,intuit,99.95
zoo_tycoon_2_marine_mania_expansion,microsoft,19.99
learning_company_kid_pix_deluxe_4,encore_software,19.99
microsoft_windows_server_2003_client_additional_license_for_users5_pack,microsoft,809.0
quickbooks_pro_2007_for_mac_mac,intuit,199.95
upgrade_freehand_11_maceng_cd_1u,adobe,274.95
imsi_resume_writer_deluxe_lb,imsi_design,19.95
microsoft_windows_live_onecare_15_online_pc_care_subscription_12_months,microsoft,49.95
adobe_photoshop_elements_40_mac,adobe,89.99
apple_mac_40_online_service,apple,99.95
apple_iwork_06_mac_dvd,apple,79.0
learning_quickbooks_2007,intuit,39.95
ulead_videostudio_11_plus,corel,129.99
microsoft_onenote_2007,microsoft,99.95
apple_ilife_06_mac_dvd_older_version,apple_computer,79.0
adobe_photoshop_cs3_upgrade_mac,adobe,199.0
microsoft_windows_xp_home_edition_full_version_with_sp2,microsoft,199.0
microsoft_flight_simulator_x_deluxe_dvd,microsoft,49.95
adobe_photoshop_elements_50_premiere_elements_30_bundle,adobe,149.99
microsoft_outlook_2007,microsoft,109.95
quickbooks_pro_2007_small_business_financial_software,intuit,199.95
adobe_acrobat_capture_100_000_page_pack,adobe,1514.99
windows_vista_business_spanish_full_version_dvd,microsoft,329.95
symc_backup_exec_sbs_aws_11d_win_sbs_agent_for_windows_systems,symantec,447.74
corel_snapfire_plus_ignite_photo_fun,corel,39.99
adobe_indesign_cs3_upgrade_from_pagemaker,adobe,199.0
instant_immersion_german_deluxe_20,topics_entertainment,39.99
scooby_doo_glowing_bug_man_jewel_case,encore_software,9.99
instant_immersion_italian_deluxe_20,topics_entertainment,49.99
adobe_creative_suite_cs3_production_premium,adobe,1699.0
instant_immersion_spanish_20,topics_entertainment,29.99
adobe_dreamweaver_cs3_mac,adobe,399.0
symc_backup_exec_aofo_11d_win_advanced_open_file_option,symantec,769.49
quicken_2007_basic,intuit,29.95
adobe_dreamweaver_cs3_upgrade_mac,adobe,199.0
macromedia_director_10_mx_2004,adobe,2171.7
h_r_block_taxcut_2006_premium_federal,h_r_block,19.99
adobe_creative_suite_cs3_web_premium_mac,adobe,1599.0
apple_garageband_jam_pack_symphony_orchestra,apple,99.0
h_r_block_taxcut_2006_home_business_state,h_r_block,79.99
dv_rack_2_win_retail_ue1u,adobe,908.69
exchange_svr_ent_2007_x64_eng_dvd_25_clt,microsoft,11318.25
professor_teaches_windows_xp,individual_software,19.99
microsoft_visio_standard_2007_version_upgrade,microsoft,129.95
adobe_dreamweaver_cs3_upgrade,adobe,199.0
coreldraw_graphics_suite_x3_upgrade,corel,179.0
microsoft_mappoint_2006_with_gps,microsoft,349.0
millionaire_sports_edition_jewel_case,disney_interactive,9.99
cluefinders_3rd_grade_adventures_mystery_of_mathra,the_learning_company,24.99
quicken_2007_home_business,intuit,89.95
microsoft_office_excel_2007,microsoft,229.95
h_r_block_taxcut_2006_premium_federal_state_efile,h_r_block,59.99
quickbooks_premier_edition_2007_5_user_multipack,intuit,1499.95
hoyle_board_games,encore,9.99
apple_garageband_jam_pack_remix_tools,apple,99.0
roxio_popcorn_2_mac,roxio,49.95
microsoft_windows_vista_business_full_version_dvd,microsoft,299.95
intervideo_windvd_8_platinum,corel,69.99
quickbooks_premier_professional_services_edition_2007,intuit,399.95
microsoft_word_2007_version_upgrade,microsoft,109.95
adobe_creative_suite_cs3_design_standard_mac,adobe,1199.0
quicken_2007_deluxe,intuit,59.95
apple_garageband_jam_pack_world_music,apple,99.0
apple_iwork_06_family_pack_mac_dvd_older_version,apple,99.0
adobe_after_effects_cs3_upgrade,adobe,299.0
adobe_indesign_cs3_upgrade_mac,adobe,199.0
corel_wordperfect_office_x3_professional_edition,corel,399.99
flash_remoting_1_alp_ret_eng_cd_1u,adobe,1657.06
swat_4_special_weapons_and_tactics,vivendi_universal,19.99
adobe_creative_suite_cs3_design_premium_mac,adobe,1799.0
adobe_pagemaker_v7_02_cd_macupg_17530402,adobe,138.45
instant_immersion_french_deluxe_20,topics_entertainment,49.99
apple_mac_40_online_service_family_pack,apple,179.95
jumpstart_kindergarten,knowledge_adventure,19.99
adobe_creative_suite_cs3_design_standard_upgrade_mac,adobe,399.0
apple_aperture_15,apple,299.0
microsoft_office_small_business_2007_full_version,microsoft,449.95
microsoft_word_2004_mac,microsoft,229.99
microsoft_office_2004_professional_mac,microsoft,499.99
broderbund_print_shop_21_deluxe,encore_software,49.99
adobe_creative_suite_cs3_web_premium_upgrade_mac,adobe,499.0
quicken_2007_for_mac,intuit,69.95
mavis_beacon_teaches_typing_deluxe_16,broderbund,39.99
quickbooks_premier_manufacturer_and_wholesale_edition_2007,intuit,399.95
corel_ventura_10_dvd,corel,699.0
math_missions_the_amazing_arcade_adventure_grades_35,scholastic,19.99
microsoft_works_suite_2006,microsoft,99.0
adobe_creative_suite_cs3_design_standard_upgrade,adobe,399.0
microsoft_windows_vista_home_basic_upgrade_dvd,microsoft,99.95
norton_antivirus_mac_100_mac,symantec,69.95
popup_stopper_professional,panicware,29.99
ideasoft_photo_clip_art_10_000,nova_development,
adobe_premiere_pro_cs3,adobe,799.0
entertainment_partners_budgeting_mac,entertainment_partners,699.0
emedia_intermediate_guitar_method_winmac,emedia,59.99
super_collapse_3,mumbo_jumbo,19.99
timbuktu_remote_control_softwre_2_licenses_for_windows_mac,netopia,199.99
apple_final_cut_studio_2_upgrade_from_final_cut_studio_mac,apple,499.0
steinberg_halion_symphonic_orchestra_virtual_instrument_academic_version,steinberg,374.99
reader_rabbit_kindergarten_version_11,the_learning_company,9.99
delorme_topo_usa_mapping_software_60_west_region,delorme,49.95
soho_labels_envelopes_chronos_lc,chronos,29.99
stopzilla_40,roxio,47.33
h_r_block_taxcut_2006_premium_federal_state_with_usb_256m_flashdrive,h_r_block,39.99
microsoft_windows_xp_professional_full_version_with_sp2,microsoft,299.99
sportsman_s_double_play,masque,
phase_one_capture_one_pro_winmac,phase_one,499.0
family_tree_maker_version_16_essentials,encore,29.95
mavis_beacon_teaches_typing_deluxe_v17,encore_software,39.99
mah_jong_quest,united_developers,
apple_final_cut_studio_2_upgrade_from_final_cut_pro_mac,apple,699.0
cosmic_blobs_lab_rat_edition_win_mac,solidworks_corporation,39.99
alsoft_diskwarrior_mac_univeral_binary,alsoft,
sims_2_nightlife_expansion_pack,aspyr_media,34.99
adobe_flash_pro_cs3_mac,adobe,699.0
40_years_of_the_avengers,git_corp,49.99
microspot_macdraft_pe_mac,microspot_ltd,99.95
microsoft_virtual_pc_for_mac_70_with_windows_xp_home,microsoft,219.99
instant_immersion_german_audio,topics_entertainment,
readiris_pro_11_corporate_edition_mac,iris,499.95
internet_security_barrier_x4_antispam_edition,intego_inc,
mcafee_total_protection_2007_3_users,mcafee,99.99
symantec_gateway_security_300_series_1010224341,symantec,349.0
vuvideo_anywhere_for_your_ipod,abacus_software,29.95
quickverse_mac_bible_study_2007_white_box,findex,59.95
3d_home_architect_home_design_deluxe_version_9,encore,29.99
acrobat_professional_8_windows,adobe,273.0
art_dvd_pc_mac,fogware_publishing,29.99
wanted_a_wild_western_adventure,dreamcatcher_interactive,29.99
emedia_guitar_basics,emedia_music,
webexpress,ingram_micro,69.99
more_brain_games,csdc,9.99
usaworld_extreme_landscapes_bundle,abacus,39.95
adobe_cs3_design_standard_macosx_dvd,adobe,399.0
microsoft_windows_terminal_server_2003_client_additional_license_for_users_5_user,microsoft,669.0
macdrive_7,mediafour_corporation,49.95
snap_hair_styler_studio,topics_entertainment,4.99
photo_go,sonymediasoftware,24.95
riding_academy_jump_ride,viva_media,19.99
toysight_gold_for_isight_includes_15_games_mac,freeverse_software,29.99
ford_racing_2_mac,feral_interactive,19.99
printmaster_gold_v_170,encore_software,19.99
gorilla_4_standard,jungle_software,299.0
sonic_mega_collection_plus,segaofamericainc,19.99
scholastic_brain_play_prekindergarten_1st_grade,topics_entertainment,19.99
bryce_6,re_launch,109.95
school_zone_flash_action_additionsubtraction_windowsmacintosh,school_zone,12.99
art_explosion_600_000_images,nova_development,79.99
lightroom_1_mlp_retail_ue_1u,adobe,299.0
mcsamcse_selfpaced_training_kit_exams_70292_70296_upgrading_your_certi,microsoft,70.0
instant_immersion_german_v2_0_pc_mac,topics_entertainment,29.99
xplane_deluxe_including_7_double_layer_dvds_mac,navarre_software,59.95
datapilot_cell_phone_data_transfer_suite_universal,susteen,79.99
hospital_tycoon_for_pc,warnernewmedia,29.99
mozy_30,simplyputsoftwarellc,
math_advantage_2008,encore,39.99
route_66_route_canada_french,csdc,
the_sims_2_open_for_business_expansion_pack,aspyr_media,34.99
lego_star_wars_dvd_mac,aspyr_media,29.99
grisoft_avg_antivirus_antispyware_2_year_subscription,grisoft,39.95
phase_one_capture_one_le,phase_one,
family_tree_maker_version_16_collectors_edition,encore_software,
sims_2_university_expansion_pack,aspyr_media,34.99
dk_amazing_animals_11,globalsoftwarepublishing,9.99
sunset_boulevard,yamaha,31.95
kakuro_puzzle_addict_unlimited_edition,globalsoftwarepublishing,9.99
eovia_carrara_5_pro,eovia,
global_software_smart_steps_1st_grade_windows_macintosh,global_software,
wild_photo_effects_jewel_case,onhandsoftware,9.99
amazing_animals_with_zoofari_games_winmac,global_software,
morpheus_photo_animation_suite,smithmicrosoftwareinc,49.99
scrapbook_for_windows,abacus,
sims_complete,aspyr_media,49.99
airline_tycoon_deluxe,topware_interactive,19.99
intellimover_transfer_your_pc_deluxe,nova_development,69.99
dk_exotic_animals_africa,globalsoftwarepublishing,9.99
ilisten_with_headset_microphone_17,csdc,
professional_home_design_suite_platinum,punch_software,99.95
world_of_warcraft_expansion_burning_crusade,blizzard_entertainment,39.99
sudoku_puzzle_addict,globalsoftwarepublishingnorthamericainc,6.99
alliance_future_combat,strategy_first,19.99
dk_smart_steps_3rd_grade,globalsoftwarepublishing,9.99
marine_aquarium_20_mac,encore,19.99
family_tree_maker_2008_platinum,encore,99.95
spongebob_squarepants_typing_2008_winmac,encore_software,19.95
call_of_duty_deluxe_mac_dvd,aspyr_media,39.99
gsp_crossword_addict,globalsoftwarepublishingnorthamericainc,9.99
mike_garson_jazzical_suite,yamaha,34.95
avid_liquid_pro,avid_technology,1942.6
learn_to_play_chess_with_fritz_chesster_2_mac,viva_media,29.99
land_before_time_kindergarten,brightermindsmediainc,9.99
best_of_card_games_jewel_case,onhandsoftware,9.99
3ds_max_9_com_new_slm,autodeskm_ebox,3495.0
backpack_journalist,honest_technology,79.99
steinberg_nuendo_3_digital_audio_software,steinberg,2499.0
learn2_training_for_microsoft_excel,topicsentertainmentsoftware_consignment,9.99
simply_put_software_got_ta_sing_windowsmacintosh,simplyputsoftware,
omniweb_50,omni_group,29.99
simply_put_software_data_eliminator,simplyputsoftware,
ibm_viavoice_advanced_v_10,nuancecommunicationsinc,
firstedge_v_20_mac,myob_us,99.95
doom_3_dvd_mac,aspyr_media,39.99
fa_18_operation_iraqi_freedom,graphicssimulationscorporation,39.99
instant_immersion_italian_platinum,topics_entertainment,129.99
civilization_iv_warlords_mac,aspyr_media,29.99
clickart_12_million_dvd_2006_by_broderbund,encore_software,49.99
middle_school_success_essentials,topics_entertainment,29.99
adventure_workshop_preschool_jewel_case,encore_software,29.99
adobe_creative_suite_cs3_production_premium_upgrade,adobe,799.0
adobe_photoshop_cs2_mac_old_version,adobe,649.0
print_shop_22_deluxe,encore,49.99
iris_readiris_pro_110_mac,iris,129.95
chessmaster_9000_mac,feral_interactive,39.99
illustrator_cs3_13_mac_ed_1u,adobeeducationbox,199.0
star_wars_empire_at_war_intel_only_macs,aspyr_media,49.99
acrobat_pro_8_mac_ed_1u_cd,adobeeducationbox,159.0
mariner_calc_speadsheet_mac,mariner_software,59.99
diner_dash_pc_mac,brighter_minds,14.99
marketcircle_daylite_v3_0_mac,csdc,149.0
lego_star_wars_ii_the_original_trilogy_for_mac,feral_interactive,39.99
rollercoaster_tycoon_3_soaked,aspyr_media,19.99
retrospect_60_desktop_mac,dantz,99.99
microspot_interiors_mac,microspot_ltd,99.95
project_x_project_management_software,marware,199.95
age_of_empires_iii,destineer,49.99
microsoft_office_windows_training_professional,topics_entertainment,49.95
internet_cleanup_30,aladdin_systems,29.99
micromat_protogo,micromat,
44_years_of_the_fantastic_four,git_corp,49.99
rise_of_nations_gold_mac,macsoft,49.99
circus_poniesnotebook_20_mac_os,csdc,49.95
humorous_greeting_card_factory,nova_development,29.99
panda_software_antivirus_firewall_2008_windows,panda_software,
microsoft_visual_studio_team_edition_for_software_testers_2005_wmsdn_premium_renewal,microsoft_software,2309.0
i_transfer_dvds_2_ipod_edition_winmac,metoosoftware,29.99
station_access_collection,sonycreativesoftware,29.99
agatha_christie_and_then_there_were_none,dreamcatcher_interactive,29.99
unreal_tournament_2004_dvdrom,atari,29.99
brothers_in_arms_road_to_hill_30_dvdrom,ubi_soft,19.99
command_and_conquer_generals_deluxe_dvdrom_mac,aspyr_media,59.99
battlefield_1942_deluxe_edition,electronic_arts,29.99
power_director_3,avanquestpublishingusainc,79.95
cosmi_rom03558_print_perfect_clip_art_deluxe,cosmi,
e_frontier_poser_6_collector_s_edition_with_volume_1_figure_pack_mac,curiouslabsinc,279.99
adobe_illustrator_cs3_mac,adobe,599.0
microsoft_office_mac_2004_english_3pk_dsp_73101163,microsoft_corporation,
adobe_software_acrobat_pro_upgrd_propro_mac_adbcd01798mc,adobe_software,273.0
quake_4_mac,aspyr_media,39.99
micromat_techtool_pro_4_mac,micromat,99.99
varmint_hunter_jewel_case,encore,9.99
hoyle_casino_2007,encore,19.95
3d_home_architect_landscape_v_8_by_encore_software,encore_software,39.99
hoyle_backgammon_jc,encore,7.99
microsoft_excel_2004_mac,microsoft,229.99
pc_hoyle_bridge,encore_software,9.99
corel_dvd_moviefactory_60,corel,49.99
axis_allies_collector_s_edition,encore,19.99
jewels_of_cleopatra,encore_software,19.95
jeopardy_deluxe,encore,19.99
hoyle_4pack_2006,encore_software,19.95
hoyle_puzzle_board_games,encore_software,19.95
hoyle_mahjongg_jewel_case,encore,9.99
scrabble_champion_edition,encore,19.95
hoyle_kids_games_jc,encore,9.99
cyberchase_adventures_carnival_chaos_and_casablanca_quest,brightermindsmediainc,19.99
hoyle_south_beach_solitaire,encore,9.99
monopoly_3,encore,9.99
ca_arcserve_bkup_r11_5_win_client_vss_software_snapshot_prod_only,computer_associates,
ulead_videostudio_11,corel,89.99
zerog_pro_pack_for_garageband_appleloops,zerog,169.95
hoyle_solitaire_jewel_case,encore,9.99
hp_dss_software_v_40_complete_package_t1936aa_ua0,hewlettpackard_consumables,630.36
calendar_creator_10,broderbund,29.99
ulead_systems_dvd_workshop_2,ulead_systems,494.99
final_draft_7syd_field_s_screenwriting_workshop_dvd_bundle,final_draft,249.99
adobe_creative_suite_cs3_master_collection_mac,adobe,2499.0
digidesign_music_production_toolkit_pro_tools_le,digidesign,495.0
hoyle_texas_hold_em_poker_jewel_case,encore,9.99
chicken_hunter_license_to_grill_the_great_poultry_race,encore,9.99
media_studio_for_psp_standard_editon,encore_software,29.99
3d_home_architect_landscape_designer_v8,encore_software,29.99
hoyle_classic_collection_2006,encore,19.99
monopoly_here_now,encore,19.95
chicken_hunter_wanted_jc,encore,9.99
extensis_smartscale_1user_pxe11433,extensis_corporation,
notetaker_15,aquaminds,69.99
business_plan_writer_deluxe_80_2005,nova_development,99.99
extensis_intellihance_pro_4x_winmac,extensis_corporation,199.99
microsoft_visual_studio_team_suite_2005_with_msdn_premium_cd_dvd,microsoft,10949.0
macjournal_v4_mac,csdc,39.95
canopus_77010158100_let_s_edit,canopus,99.0
mavis_beacon_17_standard,encore_software,19.95
riverdeep_adventure_workshop_4th6th_grade_8th_edition,riverdeep,
adventure_workshop_preschool1st_grade_8th_edition,encore,19.99
sharks_20_pc_mac,ebcmarketing,19.99
microsoft_word_2004_upgrade_mac,microsoft,109.99
vegas_6_for_pc,sonypictureshomeentertainment,599.99
sony_vegas_6,sonypicturesdigitalentertainment,599.95
motu_digital_performer_5_digital_audio_software_mac_only,motu,795.0
maudio_pro_tools_mpowered_73_maudio_compatible_worldclass_production_software,maudio,299.99
pinnacle_mobile_media_converter,pinnacle,29.99
avid_liquid_vs_7_software,avid_technology,888.75
acad_corel_painter_x_pcmac,corel,155.22
rainbow_fish_and_the_whale_winmac,globalsoftwarepublishing,9.99
global_software_smart_steps_2nd_grade_windows_macintosh,global_software,
punch_viacad_2d3d,punch_software,99.0
vegas_7_dvdsoundforge8bundl,sony_media,722.0
handmark_oxford_american_desk_dictionary_and_thesaurus,handmark_inc,
i_love_the_usa,globalsoftwarepublishing,9.99
adobe_photoshop_cs3_extended_upgrade_mac,adobe,349.0
computrace_lojack_for_laptops_3_year_license_mac,absolute_software,99.95
adobe_photoshop_cs3_extended,adobe,999.0
digital_video_and_audio_production_book_for_vegas_7_dvd,sonypicturesdigitalentertainment,49.35
studio_movieboard_plus_pci_hardware,pinnacle,251.55
10_outlet_metal_split_surge,fellowes,
kensington_contour_pro_17_notebook_carrying_case_62340,kensington,89.99
now_uptodate_contact_v5_0_mac,now_software,
iplaymusic_beginner_guitar_lessons_for_the_mac_and_ipod,iplaymusic,49.99
discrete_drums_vol_1,sonymediasoftware,59.95
vpn_client_software_5_users,dlink_systems_inc,
safekeeper_plus,bling_software,
hp_c7130b_color_laserjet_5550_500sheet_input_tray,hewlett_packard,
kensington_contour_pro_xbrace_notebook_carrying_case_62236,kensington_technology_group,
punch_professional_home_design_platinum_v10,punch_software,99.0
cinescore_professional_soundtrack_edition,sonypicturesdigitalentertainment,249.95
onone_essentials_for_adobe_photoshop_elements,onone_software,59.95
bookkeeper_2008,individual_software,39.99
micromat_podlock_mac,micromat,69.0
videostudio_11_plus,corel,
cakewalk_sonar_home_studio_6_xl,cakewalk,209.0
microsoft_onenote_2007_upgrade,microsoft,79.95
onone_software_intellihance_pro_41,onone_software,
apple_ilife_06_family_pack_mac_dvd_older_version,apple_computer,99.0
creating_keepsakes_scrapbook_designer_version_2_platinum,riverdeeplearningcompany,39.99
cakewalk_project5_version_2,cakewalk,259.0
cubase_se3_educational_edition,steinberg,
vocabulary_puzzles_grade_1,school_zone,14.95
cakewalk_sonar_home_studio_6,cakewalk,139.0
system_care_professional,avanquest,49.95
punch_ultimate_deck_and_landscape,punch_software,29.0
live_bingo,imaginationinternationalcorp,
upgrade_crystal_reports_11_pro_french,business_objects,479.78
tiny_term_emulator_v4_3_x,century_software,219.63
apple_garageband_jam_pack_rhythm_section,apple,99.0
bingo_dvd_tv_game,imagination_international,17.99
quickbooks_pointofsale_pro_with_hardware_bundle_60,intuit,1749.95
peachtree_by_sage_premium_accounting_for_manufacturing_2007_multi_user_up_to_5_users,sage_software,1199.99
century_software_tinyterm_plus_v_40_complete_product,century_software,
adobe_soundbooth_cs3_mac,adobe,199.0
timbuktu_remote_control_softwre_1_license_for_mac_os,netopia,
poser_figure_artist,efrontier,99.99
sony_sound_forge_9_boxed_upgrade,sony_media,232.05
super_granny_3,encore_software,19.99
the_print_shop_22_deluxe_sb_cs_by_the_print_shop,encore_software,49.95
marine_aquarium_sharks,encore_software,9.95
adobe_creative_suite_cs3_production_premium,adobe,1699.0
checkmark_multiledger,checkmark_software,399.0
ipswitch_inc_ws_ftp_pro_9_sdk_w_ws_ftp_pro_wd10000900,ipswitch_inc,395.0
123_movies_2_ipod_w_av_cables_umd_size,bling,29.99
hoyle_bridge_club,encore,29.95
microsoft_oem_3pk_xp_home_edition_sp2_n0901624,microsoft_corporation,
scrabble_champion_edition,encore,19.95
instant_immersion_japanese_deluxe_20,topics_entertainment,39.99
ilisten_mac,macspeech_inc,99.99
adobe_premiere_pro_cs3,adobe,799.0
starship_troopersfirst_to_fight_bundle,destineer,19.95
art_text,belight_software,49.95
hoyle_card_games_2007,encore_software,19.99
reel_deal_slots_mystic_forest,phantom_efx,19.95
adobe_creative_suite_cs3_production_premium_upsell,adobe,1199.0
risk_ii_jc,encore,9.99
onone_genuine_fractals_5_full_1u,onone_software,159.95
sims_2_seasons_expansion_pack,aspyr_media,34.99
partition_commander_10,avanquest,49.95
sony_sound_effects_series_vol_1_through_10,sonypicturesdigitalentertainment,
mavis_beacon_teaches_typing_17_standard,encore_software,19.99
vault360_combo,navarre_software,29.95
efrontier_anime_studio_pro_winmac,efrontier,199.99
monopoly_here_now,encore,19.95
hoyle_card_games_jewel_case,encore_software,9.99
gorilla_4_pro,jungle_software,399.0
oxford_world_encyclopedia,tri_synergy,19.99
adobe_creative_suite_cs3_master_collection_upgrade_mac,adobe,1399.0
obscure,dreamcatcher_interactive,19.99
network_now_pro_by_encore,encore_software,39.99
starry_night_galaxy_explorer_pc_mac,imaginova,9.99
hasbro_classic_collection_2006,encore,19.99
allegro_2005,makemusic,199.99
professor_fuji_s_sudoku_jewel_case,encore_software,9.99
elementary_advantage_2008,encore_software,
recam_remote_monitoring_software,mobitechnologiesinc,129.0
sudoku_unlimited_crossword_addict_2cd_set,globalsoftwarepublishingnorthamericainc,19.99
mobi_recam_camera_monitoring_and_notification_software,mobi,119.99
the_little_mermaidbeauty_and_the_beast,yamaha,34.95
sharks_20,encore_software,19.95
adobe_illustrator_cs3_upgrade_mac,adobe,199.0
hoyle_casino_2007,encore,19.99
instant_play_guitar_deluxe_v2,topics_entertainment,39.48
pc_hoyle_jewels_swap_drop_it,encore_software,9.99
gorilla_4_student,jungle_software,199.0
jeopardy,encore,9.99
your_desktop_post_office_for_pc,stampscom,14.99
adobe_contribute_cs3_mac,adobe,149.0
dance_6,digitalleisureinc,39.95
registry_mechanic_5x_pc_system_repair,pc_tools,29.95
axis_allies_jewel_case,encore,9.99
panda_antivirus_2007,panda_software,29.95
corel_dvd_moviefactory_60_plus,corel,79.99
defcon,encore,
symc_backup_exec_sbs_std_11d_win_small_business_server_standard,symantec,811.21
typing_instructor_deluxe_jewel_case,individual_software,9.99
bias_peak_pro_5_macintosh,bias,599.0
freestyle_street_basketball,sierra_online,19.99
webroot_spy_sweeper_with_antivirus_family_edition_3_pcs,webroot_software,49.95
my_guitar,emedia,29.95
rome_total_war_gold_edition,segaofamericainc,19.99
registry_mechanic_by_encore_software,encore_software,46.52
classification_ecology_winmac_jewel_case,fogware_publishing,9.99
the_print_shop_21_deluxe_by_broderbund,encore_software,
britannica_deluxe,avanquest_software,29.95
creating_keepsakes_scrapbook_platinum_v_3_sb_cs_by_riverdeep,encore_software,39.99
leave_the_lights_on_mac,aspyr_media,9.99
apple_logic_pro_72_upgrade,apple,299.0
microspot_macdraft_professional_mac,microspot_ltd,349.99
nero_7_ultra_edition_enhanced,nero_inc,99.99
digital_vault,stompsoft_inc,29.99
audition_2_win_ed_ue_1u,adobeeducationbox,149.0
turbocad_mac_3d_for_mac,imsi,249.99
apple_logic_pro_72_retail,apple,999.0
peachtree_by_sage_premium_accounting_2007_accountants_edition,sage_software,499.99
onone_plugin_suite_3_for_adobe_photoshop,onone_software,399.95
stompsoft_digital_file_shredder_pro,stompsoft_inc,24.99
make_music_finale_2008_academic,emedia,350.0
vegas_movie_studiodvd_8_plat,sony_media,129.95
gods_heroes_rome_rising,sonyonlineentertainment,49.99
synet_pc_sharing_kit_w17ft_usb_extcable,synetelectronicsinc,
math_2,school_zone,9.99
pinnacle_mobile_media_organizer,pinnacle,49.99
gmp_data_rescue_license_24300,globalmarketingpartners,349.0
mavis_beacon_teaches_typing_16,broderbund,19.99
intervideo_windvd_8_gold,intervideo,49.99
talk_now_learn_afrikaans_beginning_level,eurotalk,29.99
computrace_lojack_for_laptops_3_year_subscription,absolute_software,99.99
instant_immersion_ingles_audio_deluxe,topics_entertainment,
i_copy_dvd_s_2,metoosoftware,49.99
computrace_lojack_for_laptops_1_year_subscription,absolute_software,49.99
sony_vegas_movie_studio_dvd_8_platinum_edition,sony_media,129.95
computrace_lojack_for_laptops_1_year_license_mac,absolute_software,49.95
iaudioize_magnetic_time_for_pc_and_mac,sos_aggregation,39.99
safekeeper_plus,bling,39.99
didi_ditto_kindergarten_winmac,kutoka,19.99
logic_express_7,apple_computer,299.0
travelogue_360_paris,aspyr_media,29.99
instant_immersion_italian_v2_0_large_box,topics_entertainment,29.99
power_on_now_up_to_date_contact_windows,poweronsoftware,129.99
cook_n_low_fat,dvo_enterprises,19.99
serious_magic_visual_communicator_20_web,serious_magic,199.99
best_of_slots_2_jewel_case,masque_publishing,9.99
cubase_4_competitive_crossgrade,steinberg_yamaha,549.99
casual_games_pack,egames,19.99
eovia_carrara_4_pro_winmac,eovia_corporation,599.99
i_spy_fantasy_v_2_with_i_spy_book_mini_cd,topics_entertainment,29.99
power_production_storyboard_artist_4,power_production,
instant_immersion_spanish_audio_deluxe,topics_entertainment,39.95
final_draft_7_professional_scriptwriting_winmac,final_draft,289.99
quickbooks_customer_manager_25,intuit,79.95
irispen_express_translator,iris,149.99
apple_remote_desktop_3_unlim_managed_systems,apple,499.0
time_money_fractions_grades_12,school_zone,9.99
mac_os_x_server_v10_47_unlimited_client,apple,999.0
reader_rabbit_playtime_for_baby_and_toddler,the_learning_company,19.99
spy_sweeper_wantivirus_family_edition,webroot_software,49.95
dance_praise_with_dance_pad_winmac,digital_praise,39.99
printmaster_17_platinum_by_encore_software,encore_software,39.99
genuine_fractals_genuine_fractals_print_pro_1u,onone_software,299.95
logic_pro_6,apple,999.99
professor_teaches_excel_word,individual_software,19.99
sibelius_4_educational_edition,sibeliussoftwareltd,329.0
terror_strike,encore,19.95
wisdom_of_the_bible_holy_land_edition,hip_interactive,29.99
norton_internet_security_2008_10_user,symantec,199.99
test_and_improve_your_memory_dvd_box,tri_synergy,29.99
roxio_easy_media_creator_9,roxio,99.95
logic_pro_6_upgrade_from_logic_platinumgold_5_6,apple,199.99
reel_deal_slots_20_for_pc,phantom_efx,9.99
marine_aquarium_20_pc_mac,encore,29.99
elementary_advantage_2008,encore,39.99
finale_songwriter_2007,finale,49.95
math_success_deluxe_2007,topics_entertainment,39.99
language_lab_german,topics_entertainment,39.99
wheel_of_fortune_deluxe,encore,19.99
neuratron_photoscore_professional_4,sibeliussoftwareltd,199.99
elementary_school_advantage_2007,encore_software,29.99
resumemaker_professional_120,individual_software,29.99
panda_internet_security_2007_3user,panda_software,69.95
aquarium_3_in_1_collection_limited_edition_for_winmac,encore_software,19.99
punch_super_home_suite_30,punch_software,49.99
emu_em8669_modern_symphonic_orchestra,emu,499.99
final_draft_scriptwriter_s_suite_final_draft_7_final_draft_av2,final_draft,349.99
q_bert,encore,9.99
makemusic_finale_2007_winmac,emedia,600.0
westward,encore_software,19.99
final_draft_av_25_winmac,final_draft,199.99
singleclick_network_now_pro,encore_software,39.99
finale_allegro_2007,finale,199.95
pc_professor_fuji_s_kakuro,encore_software,9.99
marine_aquarium_25_virtual_undersea_paradise_winmac,encore_software,19.99
riverdeep_spongebob_squarepants_typing_fun,riverdeep,
brain_food_games_cranium_collection_2006,encore,19.95
brain_food_games_cranium_collection_2006,encore,19.95
printmaster_17_gold_by_encore_software,encore_software,30.66
who_wants_to_be_a_millionaire,encore,9.95
encore_the_big_box_of_art_410000460001,encore_software,19.99
fate,encore,19.99
genuine_fractals_print_pro_41_sharpener_pro_20,onone_software,
monopoly_tycoon,encore,9.99
hoyle_puzzle_board_games_2007,encore_software,19.99
jackpot_tycoon_jewel_case,encore,9.99
riverdeep_kissing_canines,riverdeep,
game_of_life_jc,encore,9.99
monopoly_platinum_edition,encore,19.99
home_business_lawyer_dlx_2006_by_broderbund,encore_software,
middle_school_advantage_2008,encore,39.99
tlc_clue_finders_math_learning_system_sb_by_riverdeep,encore_software,19.99
reader_rabbit_learn_to_read_phonics_pre_kindergarten,the_learning_company,9.99
high_school_advantage_2008,encore,39.99
professor_fujis_sudoku_deluxe_by_encore,encore_software,19.99
high_school_advantage_2007,encore_software,29.95
the_print_shop_21_standard_by_broderbund,encore_software,
quarkxpress_7_for_macwin,quark,1289.42
pitstop_pro_70_upgr_6x_or_higher,enfocus_software,199.0
quarkxpress_7_windows_macintosh,quark,899.0
webcom_site_builder_hosting_suite_sb_by_webcom,encore_software,49.99
datawatch_monarch_v7_ntwkstarter_cd_most_8u_fpm32c070a08n,datawatch,
pc_tools_spyware_doctor_2007_sb_cs_by_pc_tools,encore_software,29.99
lotus_dev_ibm_informix_online_personal_edition_media_bb0d4na,lotus_development_corp,
adventure_workshop_4th6th_grade_7th_ed_sb_cs_by_riverdeep,encore_software,19.99
ares_rising,interplay,69.95
the_print_shop_design_suite_pro_ed_sb_cs_by_the_print_shop,encore_software,199.99
evergirl,thq,14.99
the_print_shop_elements_labels_logos_sb_cs_by_the_print_shop,encore_software,
hasbro_family_game_collection_2006,encore_software,19.99
wasp_barcode_fontware_waddins,informatics,195.0
windows_xp_pro_nx7400_os,hewlett_packard,
marine_aquarium_goldfish_screen_saver_by_encore_software,encore_software,
backyard_sports_backyard_basketball_and_backyard_football,humongous_entertainment,19.99
family_tree_maker_version_16_collectors_edition_sb_cs,encore_software,99.99
modeless_liquid_ledger_personal_finance_software_mac,csdc,79.99
the_print_shop_22_sb_cs_by_the_print_shop,encore_software,
portfolio_8_standalone_1usr_boxed,extensis,
3d_home_architect_home_v_8_by_encore_software,encore_software,39.99
tropico_2_pirate_cove_mac,destineer_inc,29.99
adventure_workshop_4th6th_grade_7th_edition,encore_software,19.99
stuffit_deluxe_v_100_mac,smithmicrosoftware,79.99
pitstop_pro_70_upgr_5x_or_below,enfocus_software,299.0
nova_greeting_card_factory_mac,nova_development,49.99
riverdeep_the_print_shop_zoom_dvd,riverdeep,
burning_monkey_solitaire_40,freeverse_software,24.95
calendar_creator_platinum_sb_cs_by_riverdeep,encore_software,29.99
captain_america_the_complete_comic_collection_winmac,git_corp,49.95
suitcase_fusion_1u_box,extensis,
emu_em8685_beat_garden_x_emulator_x2proteus_x2_soundset,emu,129.99
the_sims_2_mac,aspyr_media,49.99
soundtrack_12,apple,199.99
call_of_duty_2_dvdrom_mac,aspyr_media,49.99
final_cut_express_20_upgrade,apple_computer,99.99
detto_move2mac_usb,dettotechnologiesinc,71.31
allume_aquazone_seven_seas_deluxe,allume,38.89
apple_remote_desktop_22_10_client_old_version,apple,299.0
spy_sweeper_with_antiviruschild_safe,webroot_software,39.95
rollercoaster_tycoon_3_mac,aspyr_media,49.99
webroot_spysweeper_antispyware_3_user,webroot_software,39.99
poser_7_win_2000_xp_mac_os_104_up,aladdin_systems,199.99
steinberg_cubase_studio_4,steinberg,499.99
john_deere_busy_days_in_deerfield_valley,destineer_publishing,19.99
genuine_fractals_print_pro_5_1u,onone_software,299.95
history_dvd_pc_mac,fogware_publishing,
punch_master_landscape_home_design,punch_software,59.99
zend_studio_51_winmac,zendtechnologiesinc,299.0
pitstop_pro_70,enfocus_software,699.0
3d_bridge_deluxe_mac,freeverse_software,24.99
halo_mac,macsoft,29.99
the_print_shop_22_pro_publisher_deluxe_sb_cs_by_the_print_shop,encore_software,99.95
apple_final_cut_studio_2_mac,apple,1299.0
railroad_tycoon_3_mac,macsoft,19.99
logic_express_72_upgrade_from_logic_express_6,applecomputer_direct,99.0
webroot_spy_sweeper_antispyware_5x,webroot_software,29.95
punch_master_landscape_professional_home_design_v_100,punch_software,69.95
aquazone_bass_edition,smithmicrosoftware,19.99
dk_rainbow_fish_most_beautiful_fish_in_the_ocean,encore,9.99
adobe_creative_suite_cs3_master_collection_upsell,adobe,1999.0
apple_remote_desktop_3_10_managed_systems,apple,299.0
caillou_ready_for_school_pc_mac,brightermindsmediainc,19.99
totally_spies_zombie_jamboree_winmac,brightermindsmediainc,9.95
apple_xsan_mac,apple,
business_card_composer_mac,belight_software,39.99
emedia_print_music_2006_winmac,makemusic,69.99
adobe_solution_expert_support,adobe,299.0
totally_spies_total_swamp_romp_pc_mac,brightermindsmediainc,19.99
steinberg_sequel_pc_or_mac_music_creation_performance_software,steinberg,129.0
miraizon_cinematize_2_mac,miraizon,69.99
bias_deck_le_35_macintosh_cd,bias,99.0
adobe_cs3_design_premium_macosx_dvd,adobe,599.0
power_production_storyboard_quick,power_production,
civilization_iv_dvdrom_mac,aspyr_media,49.99
apple_shake_41_visual_effects_mac,apple_computer,499.0
comic_book_library,marvel,49.99
taxcut_home_bus_state_sage_includes_act_80_peachtree_2007,h_r_block,
mediafour_macdrive_6_for_windows,mediafour_corporation,49.99
wavelab_studio_6,steinbergmediatechnologies,399.99
net_ad_creator,laughing_bird,39.99
cakewalk_sonar_6_producer_ed,cakewalk,799.0
iomega_nas_400e_expansion_chassis_1tb_1u,iomega,2699.0
appleworks_629,apple,79.0
adobe_captivate_20,adobe,1083.95
crystal_3d_impact_pro_125_jewel_case,crystalgraphics,79.0
play_music_together_mac,iplaymusic,39.99
microsoft_office_2004_standard_mac,microsoft,399.99
swift_publisher_for_mac,globalmarketingpartners,39.99
zoo_tycoon_2_mac,destineer,39.99
sibelius_4_professional_edition,sibeliussoftwareltd,599.99
burning_monkey_mahjongg_mac,freeverse_software,24.99
40_years_of_the_xmen,git_corp,49.99
pc_tools_spyware_doctor_2007,encore,29.95
xplane_v8_mac,graphicssimulationscorporation,49.99
drive_genius_by_prosoft_engineering_inc,globalmarketingpartners,129.0
finale_2006_pc_mac,emedia,600.0
istopmotion,navarre,39.95
pro_digital_frame_bundle_1u,onone_software,99.95
internet_cleanup_40_mac_os_104_or_higher,smithmicrosoftware,29.99
burning_monkey_solitaire_2005_edition,freeverse_software,24.99
nero_7_ultra_edition_enhanced_pc_home_entrmnt_soln,neso_usa,99.99
apple_mac_os_x_tiger_1046_mac_dvd,apple_computer,129.0
faxstf_pro_mac_os_1039_or_above,aladdin_systems,49.99
motu_digital_performer_5_digital_audio_software_competitive_upgrade_mac_only,motu,395.0
spring_cleaning_90_for_mac_os_104_above,aladdin_systems,49.99
g7_kontakt_edition,sibeliussoftwareltd,99.99
chronos_stickybrain_30_mac,chronos_lc,34.99
cakewalk_sonar_6_studio,cakewalk,369.0
micromat_techtool_protege_with_firewire_device,micromat,
sibelius_compass,sibeliussoftwareltd,159.99
print_explosion_deluxe_30_mac,nova_development,49.99
steinberg_cubase_4_digital_audio_software,steinberg,999.99
stuffit_deluxe_11,aladdin_systems,79.99
symc_ghost_solution_suite_20_media,symantec,35.57
amazing_spiderman_complete_comic_book_collection_winmac,git_corp,49.99
adobe_indesign_cs3_upgrade_from_pagemaker_mac,adobe,199.0
apple_mac_os_x_tiger_1046_family_pack_mac,apple_computer,199.0
valuesoft_tune_transfer_for_ipod_software_for_windows_xp,valuesoft,29.95
microsoft_office_student_and_teacher_edition_2004_macintosh,microsoft,149.99
band_in_a_box_2007,pgmusicinc,99.0
microspot_xrip_mac,microspot_ltd,349.99
bias_peak_le_5,bias,129.0
the_logo_creator_mac,laughing_bird,39.99
onone_software_pxl_smartscale_windows_and_macintosh,onone_software,
sims_2_pets_expansion_pack,aspyr_media,34.99
iview_mediapro_25,global_marketing,199.99
3d_home_architect_landscape_design_deluxe_version_9,encore,29.99
adobe_creative_suite_cs3_web_standard_mac,adobe,999.0
clickart_12_million_2006_dvd,encore_software,
photoframe_pro_30_1u,onone_software,
pc_tutor_learn_windows_vista_office_2007,nova_development,29.99
punch_professional_home_design,punch_software,89.99
sims_2_glamour_life_stuff_pack,aspyr_media,24.99
mcafee_virusscan_plus_3_user,mcafee,59.99
mask_pro_40_1u,onone_software,159.95
roxio_toast_8_titanium,roxio,99.95
home_design_architect_series_3000_v10_0,punch_software,149.95
individual_small_business_advantage_deluxe_2006,individual,49.99
finale_2007_academic_winmac,emedia,350.0
quickbooks_pointofsale_basic_60,intuit,799.95
dreamweaver_cs3_9_mac_ed_1u,adobeeducationbox,199.0
true_crime_streets_of_la_mac,aspyr_media,19.99
learn_english_winmac_jewel_case,fogware_publishing,9.99
caillou_magical_adventures,brightermindsmediainc,19.99
corefx_three_level,core_learning,59.95
space_dvd_pc_mac,fogware_publishing,29.99
micromat_diskstudio_mac,micromat,99.0
contentbarrier_x4_104_single_user_mac,intego,49.99
stuffit_deluxe_11,aladdin_systems,49.99
tune_tools_for_ipod_winmac,valusoft,19.99
flash_action_phonics_made_easy,school_zone,14.99
kaplan_satactpsat_gold_2007_winmac,topics_entertainment,29.99
enteractive_fps_creator_windows,enteractive_inc,
math_success_deluxe_2008,topics_entertainment,49.99
money_home_business_2007_win32_eng_na_mini_box_us_only_cd,microsoft,139.43
multiplication_and_division_grades_34,school_zone,9.99
microsoft_digital_image_suite_2006_plus_pinnacle_studio_100,microsoft,99.95
macbackup,macware,29.99
stubbs_the_zombie_in_rebel_without_a_pulse_dvd_mac,aspyr_media,9.99
civil_air_patrol_search_rescue,abacus,29.99
the_movies_mac,feral_interactive,49.95
atlantis_quest,got_game,19.99
ulead_videostudio_10,corel,69.99
guild_wars_nightfall,ncsoft,49.99
montage_mac,mariner_software,149.95
giggles_computer_funtime_for_baby_shapes_winmac,navarre_software,24.95
sony_acid_pro_6_professional_music_workstation,sonypicturesdigitalentertainment,499.95
calculation_skills_v1_add_sub_basic_core_learning,sosaggregationcompany,
sony_super_duper_music_looper,sonymediasoftware,19.99
learn_to_play_chess_with_fritz_and_chesster_mac,viva_media,29.99
adobe_photoshop_cs2_advanced_techniques_by_julieanne_kost,software_cinema,
quickverse_mac_bible_study_2007_gold_box,findex,349.95
adobe_framemaker_72_windows,adobe,1445.9
sound_forge_90,sony_media,399.96
audio_success_suite_edition_sales_success,topics_entertainment,19.95
logic_express_6,apple,299.99
photoshop_elements_4_edu_mac_1u,adobeeducationbox,69.0
pc_cakewalk_guitar_tracks_pro_3,cakewalk,149.99
dvo_cook_n_deluxe_60_ultimate_recipe_organizer,dvo_enterprises,39.99
sound_forge_audio_studio_9,sony_media,69.59
close_quarters_conflict,groove_media,19.99
upgrade_acid_pro_6_boxed,sonypicturesdigitalentertainment,305.18
quicken_legal_business_pro_2007,nolo_press,79.99
peachtree_by_sage_premium_accounting_2007,sage_software,499.99
prey,aspyr_media,39.99
peachtree_by_sage_pro_accounting_2007,sage_software,169.99
gsp_greatest_moments_of_our_time,globalsoftwarepublishingnorthamericainc,9.99
peachtree_by_sage_complete_accounting_2007,sage_software,269.99
audio_success_series_winning_strategies,topics_entertainment,
american_idol_extreme_music_creator,sony_media,49.95
window_washer,navarre_software,29.95
emedia_piano_and_keyboard_method_volume_1,emedia,59.99
adobe_acrobat_standard_80,adobe,449.99
adobe_photoshop_cs2_fundamental_techniques_by_julieanne_kost,software_cinema,
reel_deal_casino_shuffle_master_edition,phantom_efx,19.99
john_deere_welcome_to_merriweather_farm,globalsoftwarepublishing,19.99
sony_acid_pro_5,sony,399.95
galaxy_of_games_5000,2k_games,19.99
total_3d_home_landscape_design_suite_version_9,individual_software,39.99
punch_home_design_architectura_series_18,punch_software,129.99
print_shop_22_pro_publisher_deluxe,encore,99.99
hijack2,navarre_software,39.95
intervideo_dvd_copy_5_express,corel,29.99
adobe_flash_pro_cs3_upgrade_mac,adobe,199.0
photoedit_2_mac,macware,29.99
punch_professional_home_design_suite,punch_software,69.99
3_great_games_for_guys,dreamcatcher_interactive,29.99
sony_sound_forge_audio_studio_8,sonypicturesdigitalentertainment,69.99
places_pc_mac,fogware_publishing,29.99
acid_music_studio_7,sony_media,78.95
punch_5_in_1_home_design,punch_software,39.99
xtreme_photostory_on_cd_and_dvd_6,magix_entertainment,29.99
anime_studio_5_win_98me_2000xp_mac_os_104_up,aladdin_systems,49.99
punch_home_design_architectural_series_18,punch_software,129.99
adobe_soundbooth_cs3,adobe,199.0
wingnuts_2_mac,freeverse_software,29.99
punch_super_home_suite,punch_software,49.99
quickverse_bible_premier_suite,individual_software,39.99
palo_alto_marketing_plan_pro_90,paloaltosoftware,179.0
easy_video_editor_20_by_honest_technology,globalmarketingpartners,50.88
palo_alto_business_plan_pro_premier_2007,paloaltosoftware,199.0
national_parks_enhanced_scenery_addon_for_microsoft_flight_simulator_2002_2000,abacus,19.99
palo_alto_business_plan_pro_2007,paloaltosoftware,99.95
adobe_after_effects_cs3,adobe,999.0
namo_webeditor_2006,namo,99.99
punch_master_landscape_home_design,punch_software,99.99
black_white_platinum_pack_mac,feral_interactive,29.99
webroot_desktop_firewall,webroot_software,29.99
punch_5_in_1_home_design,punch_software,39.99
city_of_heroes_good_vs_evil_edition,nc_soft,29.99
business_card_factory_deluxe_30,nova_development,29.99
punch_home_design_architectural_series_4000_v10,punch_software,199.99
big_tiny_little_a_tiny_little_christmas,yamaha,34.95
small_business_server_2003_20u_cal_addpak_user,microsoft,
systemsuite_8_professional,individual_software,49.99
jumpstart_4th6th_grade_v_20_b43,knowledge_adventure,19.99
pcdefense,avanquest_software,29.95
starry_night_astronomy_screensaver_winmac,imaginova,19.99
quickverse_sermon_builder_40,findexcom_inc,69.95
ultra_sudokuultra_kakuro,abacus,29.95
snap_spelling_jewel_case,topics_entertainment,19.95
acad_vegas_movie_studio_dvd_8_platinum,sonypicturesdigitalentertainment,
bitdefender_antivirus_100_2_year_subscription_for_2_pcs,globalmarketingpartners,39.95
scrabble_with_bonus_clue,encore,19.99
scrabble_complete_jewel_case,encore,9.99
piano_wizard_premier_software_stickers_midi_cable,re_launch,149.95
microsoft_visual_studio_professional_wmsdn_professional_2005_renewal,microsoft_software,799.0
emedia_guitarpro_5_winmac,emedia,59.99
spycatcher_2007for_pc,avanquest,19.99
intuit_quicken_home_inventory_manager_windows,intuit,34.95
academy_award_winners,yamaha,31.95
ca_antivirus_2007,computer_associates,39.95
zonealarm_pro_firewall,zone_labs,39.99
sales_skills_20_ages_10,victory_multimedia,19.95
brain_builder,core_learning,19.95
return_to_castle_wolfenstein_mac,aspyr_media,29.99
solitaire_antics_deluxe,masque_publishing,
aircraft_collector_s_second_edition,abacus,19.95
findex_quickverse_bible_study_2007_biblesuite,findex,
treasure_mountain_jewel_case_ages_59_for_winmac,riverdeep,9.99
video_patrol_50_by_honest_technology,globalmarketingpartners,50.86
snap_kakuro,topics_entertainment,4.99
instant_immersion_american_sign_language_winmac,topics_entertainment,9.99
adobe_creative_suite_cs3_design_premium_upsell,adobe,1599.0
simple_slide_show,topics_entertainment,19.99
printmaster_platinum_v_170,encore_software,39.99
street_atlas_usa_2007_plus_dvd,delorme,59.95
jumpstart_world_2nd_grade,knowledge_adventure,19.99
great_invasions,strategy_first,39.99
web_graphics_creator,sosaggregationcompany,39.95
instant_immersion_translator_deluxe_20,topics_entertainment,49.99
onone_essentials_for_adobe_photoshop_elements_version_2_full,onone_software,59.95
funny_faces_deluxe,fogware_publishing,19.99
emedia_blues_guitar_legends,emedia,29.94
age_of_empires_iii_the_warchiefs_expansion_pack_mac,destineer,34.95
adobe_creative_suite_cs3_web_standard,adobe,999.0
guitar_tool_worship_edition,midisoft_corporation,
delorme_topo_usa_mapping_software_60_east_region,delorme,49.95
nero_8_ultra_edition,nero_inc,99.95
weekly_reader_mastering_high_school_2008,fogware_publishing,29.99
northstar_for_pcmac,truenorthtechnologyinc,99.99
make_music_allegro_2007_labpack_5_user,makemusic,375.0
instant_immersion_hawaiian_audio,topics_entertainment,
power_translator_11_premium,languageengineeringcollc,79.99
liquid_ledger_personal_finance,csdc,79.99
sportsman_s_double_play,masque_publishing,19.95
jumpstart_advanced_preschool_v2_0,knowledge_adventure,19.99
visual_thesaurus_the_thinkmap_inc,csdc,39.95
phonics_success_essentials_grades_79,topics_education,19.99
cook_n_cd_recipe_cards,dvo_enterprises,19.99
adobe_creative_suite_cs3_web_standard_upsell_mac,adobe,799.0
train_sim_modeler_design_studio,abacus,39.99
learn_to_play_keyboard_jewel_case,alfred_publishing,9.99
ufo_afterlight,topware_interactive,39.99
instant_immersion_italian_deluxe_v2_0_large_box,topics_entertainment,29.99
enemy_territory_quake_wars,aspyr_media,49.99
weekly_reader_mastering_elementarymiddle_school_math_learning,fogware_publishing,19.99
sentinel_descendants_in_time,dreamcatcher_interactive,19.99
photostory_on_cd_dvd_5,magix_entertainment,19.99
flash_remoting_1_alp_ret_eng_cd_2u,adobe,3314.09
shapes,school_zone,9.99
dragon_naturally_speaking_standard_v9,nuancecommunicationsinc,99.99
mediarecover,aladdin_systems,29.99
photo_explosion_30,nova_development,29.99
